Model,Accuracy,F1 Score,Inference Time (s),Model Size (MB),TOPSIS Score,Rank
BERT,0.92,0.91,0.85,420,0.7815838668863453,1.0
DistilBERT,0.89,0.88,0.65,350,0.3624630462801,4.0
RoBERTa,0.91,0.9,0.78,500,0.6828801774377088,2.0
XLNet,0.9,0.89,1.0,550,0.42705098312484224,3.0
ALBERT,0.88,0.87,0.55,300,0.30901699437494745,5.0
